;id_sn;id;name;reposts;location;created;followers;is_user_verified;name_related;location_related;mesg
0;FB;2858920041008014;goretarapaca;;;2020-10-28 21:30:00;;;;;"RECUERDA ?? | Este fin de semana los cementerios de nuestro país permanecerán cerrados para los visitantes.

Comparte esta información ???? y #CuidémonosEntreTodos #Tarapacá #Iquique #Tamarugal"
1;FB;2858920041008014;goretarapaca;;;2020-10-28 20:00:01;;;;;"NOTICIAS ?? | Seremis de Desarrollo Social y de Trabajo invitan a los tarapaqueños a cobrar beneficios pendientes.

Más detalles en ?? https://bit.ly/31Nt3xG"
2;FB;2858211674412184;goretarapaca;;;2020-10-28 18:30:00;;;;;"INFÓRMATE ?? | ¿Cuáles son los aforos permitidos para eventos sociales y recreativos en lugares abiertos y cerrados para oficios, ritos o ceremonias?

Aquí te contamos todos los detalles. ?? #CuidémonosEntreTodos #Tarapacá #Iquique #Tamarugal ????"
3;FB;2858211674412184;goretarapaca;;;2020-10-28 17:13:21;;;;;"CASOS EN #TARAPACÁ ?? | Revisa las cifras entregadas por la autoridad sanitaria de este miércoles 28 de octubre. ????

#Iquique #Tamarugal"
4;FB;2858198971080121;goretarapaca;;;2020-10-28 14:30:01;;;;;"?? ¡#NoPierdasTuBono! ?? A la fecha, cerca de 137 mil personas no han cobrado el Aporte Familiar Permanente, Bono Ayuda Familiar y el Bono COVID-19.

Te invitamos a revisar desde el 06 de noviembre en ??www.bonospendientes.cl si eres uno de los beneficiarios?????????????? #Tarapacá #Iquique"
5;FB;2858192707747414;goretarapaca;;;2020-10-28 13:00:03;;;;;"NOTICIAS ?? | Ministerio de Educación hace llamado para que los más de 209 mil alumnos de 4° medio retornen a clases presenciales.

Más detalles en ?? https://bit.ly/34vNXD9"
6;FB;2857989564434395;goretarapaca;;;2020-10-28 11:30:00;;;;;"RECUERDA ? | No importa en qué etapa esté tu comuna, SIEMPRE debes tomar los resguardos necesarios para el autocuidado.

? Respeta el toque de queda.?
? Usa mascarilla. ??
? Mantén la distancia física. ??????????
? Lava tus manos y usa alcohol gel. ??

#CuidémonosEntreTodos en #Iquique y el #Tamarugal"
7;FB;2857989564434395;goretarapaca;;;2020-10-27 21:34:00;;;;;"? ¿Sabías que cerca de 137 mil personas no han cobrado el Aporte Familiar Permanente, Bono Ayuda Familiar y el Bono COVID-19 ???

Queremos que #NoPierdasTuBono, por eso te invitamos a revisar desde el 06 de noviembre si eres beneficiario en ??www.bonospendientes.cl #Tarapacá"
8;FB;2857989564434395;goretarapaca;;;2020-10-27 19:57:11;;;;;"RECUERDA ?? | Este fin de semana los cementerios de nuestro país permanecerán cerrados para los visitantes.

Comparte esta información ???? y #CuidémonosEntreTodos #Tarapacá #Iquique #Tamarugal"
9;FB;2857989564434395;goretarapaca;;;2020-10-27 18:19:04;;;;;"CASOS EN #TARAPACÁ ?? | Revisa las cifras entregadas por la autoridad sanitaria de este martes 27 de octubre. ????

#Iquique #Tamarugal"
10;FB;2857362737830411;goretarapaca;;;2020-10-27 14:30:00;;;;;"NOTICIAS ?? | #Tarapacá podría contar con buses de estándar metropolitano.

Más detalles en ?? https://bit.ly/3e3vsJh"
11;FB;2857362737830411;goretarapaca;;;2020-10-27 13:00:01;;;;;"???? La nueva Constitución será redactada por una Convención Constituyente integrada por 155 miembros que se elegirán por votación popular, el próximo 11 de abril de 2021. ?

Entérate de todos los detalles del Proceso Constituyente ?? http://gob.cl/procesoconstituyente #ChileConstituyente"
12;FB;2857362737830411;goretarapaca;;;2020-10-27 11:30:00;;;;;"MUCHA ATENCIÓN ?? | De cada uno de nosotros depende seguir avanzando en las etapas del plan Paso a Paso. ? Para ello, es importante que incorporemos hábitos y así, evitar contagiarnos de Covid.

Ten en cuenta las siguientes recomendaciones al salir de casa y al volver. ????????????"
13;FB;2857362737830411;goretarapaca;;;2020-10-26 20:09:13;;;;;#QuédateEnCasa Tarapacá - 26 de octubre de 2020
14;FB;2857226081177410;goretarapaca;;;2020-10-26 19:03:45;;;;;
15;FB;2857113627855322;goretarapaca;;;2020-10-26 16:35:44;;;;;"CASOS EN #TARAPACÁ ?? | Revisa las cifras entregadas por la autoridad sanitaria de este lunes 26 de octubre. ????

#Iquique #Tamarugal"
16;FB;2857113627855322;goretarapaca;;;2020-10-26 16:09:05;;;;;Punto de prensa 26 de octubre de 2020 - Gobierno Regional de Tarapacá
17;FB;2857020721197946;goretarapaca;;;2020-10-26 14:33:18;;;;;"?? ¡Ya están disponibles los resultados del proceso del Sistema de Admisión Escolar 2021!

A partir de hoy, lunes 26, hasta el viernes 30 de octubre, podrás revisar la postulación de tu hijo/a ingresando a ?? https://admision.mineduc.cl/registro #Tarapacá #Iquique #Tamarugal"
18;FB;2857020721197946;goretarapaca;;;2020-10-26 13:02:53;;;;;Balance regional de la jornada del Plebiscito 2020
19;FB;2856557231244295;goretarapaca;;;2020-10-26 13:00:01;;;;;"INFÓRMATE ?? | En comunas en transición, preparación o apertura inicial, puedes realizar actividad física al AIRE LIBRE sin usar mascarilla. Recuerda tener en cuenta las siguientes recomendaciones. ??

#CuidémonosEntreTodos y comparte esta información. ???? #Tarapacá #Iquique"
20;FB;2856546731245345;goretarapaca;;;2020-10-26 11:30:01;;;;;"MUCHA ATENCIÓN ? | Recuerda que el correcto uso de la mascarilla es cubriendo tu nariz, boca y mentón en todo momento. ??

Esta es una herramienta preventiva que puede protegerte del coronavirus.

#CuidémonosEntreTodos #Tarapacá #Iquique #Tamarugal"
21;FB;2856484054584946;goretarapaca;;;2020-10-26 00:47:54;;;;;"#ChileVotaXChile ????? | El intendente Miguel Ángel Quezada hizo un balance de la histórica jornada que hoy vivió el país y #Tarapacá y el buen comportamiento de la comunidad regional. Agradeció el trabajo de todos los funcionarios que participaron en este #Plebiscito2020.

VIDEO ????"
22;FB;2856309971269021;goretarapaca;;;2020-10-25 20:37:24;;;;;"De todos y todas depende vivir un #PlebiscitoSeguro ?? Sigue estos consejos antes y después de ir a tu local de votación. Hoy #ChileVotaXChile ?????

Más info en ?? http://gob.cl/plebiscito2020"
23;FB;2853297488236936;goretarapaca;;;2020-10-25 18:00:03;;;;;"NOTICIAS ?? | Siembran 24 mil ejemplares de corvinas en Huayquique.

Más detalles en ?? https://bit.ly/3met3OM"
24;FB;2853297488236936;goretarapaca;;;2020-10-25 15:00:02;;;;;"#ChileVotaXChile | En este #Plebiscito2020, es importante que tengas en cuenta las medidas de autocuidado para votar seguro. ¿Qué no se te puede olvidar este 25 de octubre? ?

Revisa este video y para más información, visita http://gob.cl/plebiscito2020 ?????"
25;FB;1059339457831242;goretarapaca;;;2020-10-25 14:35:28;;;;;AHORA – Intendente Miguel Ángel Quezada realiza punto de prensa luego de votar en #Iquique. #ChileVotaXChile
26;FB;1059339457831242;goretarapaca;;;2020-10-25 12:00:01;;;;;"RECUERDA ????| Si en tu familia hay personas mayores ??????????????, recomiéndales ir a votar en el horario exclusivo para mayores de 60 años: Entre las 14:00 y las 17:00 horas ? ¡En todo el proceso tendrán atención preferente! #ChileVotaXChile

Infórmate en ?? https://gob.cl/plebiscito2020/"
27;FB;1059339457831242;goretarapaca;;;2020-10-24 23:00:00;;;;;"IMPORTANTE ???? | Te invitamos a seguir nuestras redes sociales donde encontrarás la información oficial del Gobierno Regional de Tarapacá y sus servicios.

Allí puedes plantear tus consultas, opiniones y compartir las noticias y datos de #Tarapacá. ?? #Iquique #Tamarugal"
28;FB;1059339457831242;goretarapaca;;;2020-10-24 21:00:05;;;;;"INFORMACIÓN IMPORTANTE ?? | Este domingo, por ser el #Plebiscito2020, se modificará el horario del toque de queda.
Este día, se podrá circular desde las 4:00 AM del domingo 25, hasta las 1:00 AM del lunes 26. ¡Cuéntale a tus cercanos! ??

Más información en ?? http://gob.cl/plebiscito2020"
29;FB;1059339457831242;goretarapaca;;;2020-10-24 19:00:40;;;;;"VIDEO ?? | En este #Plebiscito2020, es importante que tengas en cuenta las medidas de autocuidado para votar seguro y cuidarnos entre todos.

Revisa este video ??, INFÓRMATE y COMPARTE ????.
#ChileVotaXChile ???? #Tarapacá #Iquique"
30;FB;1059339457831242;goretarapaca;;;2020-10-24 16:23:33;;;;;"CASOS EN #TARAPACÁ ?? | Revisa las cifras entregadas por la autoridad sanitaria de este sábado 24 de octubre. ????

#Iquique #Tamarugal"
31;FB;1059339457831242;goretarapaca;;;2020-10-24 15:43:54;;;;;Punto de prensa 24 de octubre de 2020 - Gobierno Regional de Tarapacá
32;FB;1059339457831242;goretarapaca;;;2020-10-24 15:15:39;;;;;"¡Queda un día para el #Plebiscito2020! ?????? No olvides que mañana no debes llevar ropa o accesorios con propaganda electoral. Si lo haces, arriesgas una multa que va entre las 20 y las 200 UTM.

Para más información, visita ?? http://www.gob.cl/plebiscito2020 #ChileVotaXChile"
33;FB;1059339457831242;goretarapaca;;;2020-10-24 12:00:00;;;;;"ATENCIÓN ?? | El Jefe de Defensa Nacional en #Tarapacá dispuso restricción vehicular para el sábado 24 de octubre en #Iquique y #AltoHospicio. El domingo 25 no habrá restricción:

NO pueden circular vehículos cuyas patentes terminen en IMPAR: 1? - 3? - 5? - 7? - 9?. Detalles ?? https://bit.ly/3ntrKgx"
34;FB;1059339457831242;goretarapaca;;;2020-10-23 23:00:02;;;;;"NOTICIAS ?? | #Plebiscito2020: Intendente hizo un llamado a votar informado y respetando las medidas sanitarias.

Más detalles en ?? https://bit.ly/3dUxXgR"
35;FB;1059339457831242;goretarapaca;;;2020-10-23 21:30:00;;;;;"NOTICIAS ?? | Dirección del Trabajo fiscalizará permiso de 2 horas para que trabajadores voten en el plebiscito del domingo.

Más detalles en ?? https://bit.ly/3jil4hP"
36;FB;1059339457831242;goretarapaca;;;2020-10-23 20:00:01;;;;;"MUCHA ATENCIÓN ?? | Para facilitar el traslado de quienes voten en este #Plebiscito2020 , Seremitt Región de Tarapacá ha dispuesto distintos servicios de transporte subsidiado en las zonas aisladas que no cuentan con locales de votación.

Conoce ?? los recorridos para la comuna de #Iquique, #PozoAlmonte, #Pica, #Huara, #Camiña y #Colchane."
37;FB;1059339457831242;goretarapaca;;;2020-10-23 19:54:10;;;;;"#Plebiscito2020 | A partir de las 00:00 horas del 23 de octubre, el gral. Guillermo Paiva asumió como Jefe de Fuerza Regional de los efectivos de Fuerzas Armadas y de Carabineros de la zona jurisdiccional de #Tarapacá, hasta el término del funcionamiento de los Colegios Escrutadores. ????

Además, entregó las primeras instrucciones respecto al resguardo del orden público, manifestaciones de carácter electoral, expendio de bebidas alcohólicas, transporte público, entre otros.

Revisa los nuevos bandos ???? y también en https://bit.ly/3dQvAM6"
38;FB;906414986554606;Tarapaca247;;;2020-10-22 13:13:26;;;;;"?? Atencio?n amigos y seguidores : Nos hemos conseguido descuento en @Lipigas para todos cuando pidan su gas den este co?digo

?? IE 252

Lo pueden pedir llamando al nu?mero
?? 572 411031 - ?? 6006006200
O en la App de Lipigas.

El co?digo sirve todo el an?o, para Iquique -
Alto Hospicio y Pozo Almonte compartan con sus amigos y familiares para que puedan aprovechar el descuento

??COMPARTE

#Iquique #AltoHospicio #PozoAlmonte"
39;FB;906414986554606;Tarapaca247;;;2020-10-28 22:16:46;;;;;"La nueva moda Iquiqueña Verano 2021 N95

???? Síguenos en www.instagram.com/tarapaca247"
40;FB;906414986554606;Tarapaca247;;;2020-10-28 21:44:34;;;;;"Este proyecto busca convocar a la ciudadanía e involucrar a diversos actores: mundo científico y académico, sector privado y emprendimiento, gremios y ONG ‘s, gobiernos locales y organizaciones comunitarias, junto a múltiples y diversas organizaciones de la sociedad civil, para construir, a través de aproximaciones colectivas, propositivas y colaborativas, una visión territorial local, y basada en la acción, para adaptarse y mitigar los efectos del cambio climático. [ 533 more words ]

https://tarapaca247.cl/2020/10/28/seremi-del-medio-ambiente-de-la-region-de-tarapaca-participo-en-el-lanzamiento-del-programa-re-acciona-por-el-clima/

TARAPACA247.CL
Seremi del Medio Ambiente de la región de Tarapacá participó en el lanzamiento del programa “Re-Acciona por el clima”"
41;FB;906414986554606;Tarapaca247;;;2020-10-28 21:42:02;;;;;"Durante el webinar “Expande e Innovación Abierta en Minería”, realizado entre la Asociación de Industriales de Iquique, Hub Tarapacá, Tarapacá Labs y Fundación Chile, se entregaron antecedentes de los procesos de innovación abierta que se desarrollan para las compañías mineras, orientadas al desarrollo de una minería más sostenible y competitiva. En la actualidad, frente a la situación de crisis que estamos viviendo, es fundamental colaborar y cooperar entre las distintas entidades, con el fin de impulsar la reactivación económica y el desarrollo en la región, dando soluciones a problemáticas existentes, que requieren de la vinculación entre todos los sectores a través de la innovación. [ 397 more words ]

https://tarapaca247.cl/2020/10/28/invitan-a-proveedores-locales-a-participar-de-los-desafios-de-expande-mineria/

TARAPACA247.CL
Invitan a proveedores locales a participar de los Desafíos de Expande Minería"
42;FB;906414986554606;Tarapaca247;;;2020-10-28 21:40:11;;;;;"Milena Rojas vive en la comuna de Camiña y a sus 61 años afirmó que el uso del celular se limita a las llamadas telefónicas, lo cual en esta pandemia le impidió conectarse por videollamadas con sus hijas que residen en Alto Hospicio por no saber cómo emplear las plataformas de comunicación online. Sin embargo, recientemente esta realidad comenzó a cambiar para ella. [ 588 more words ]

https://tarapaca247.cl/2020/10/28/mujeres-rurales-y-de-la-pesca-reciben-celulares-con-conexion-a-internet/

TARAPACA247.CL
Mujeres rurales y de la pesca reciben celulares con conexión a Internet"
43;FB;906414986554606;Tarapaca247;;;2020-10-28 21:38:40;;;;;"DECLARACIÓN PÚBLICA: El pasado martes 27 de octubre de 2020 se realiza una publicación de Facebook en el grupo DENUNCIAS, RECLAMOS Y FUNAS EN IQUIQUE, donde se expone a dos hombres que estaban grabando con un drone y a una distancia inapropiada a personas de sexo femenino que se encontraban tomando sol en la playa Cavancha. Estas personas ante el llamado de atención del Cuerpo de Salvavidas se presentaron como funcionarios de RTC televisión. [ 51 more words ]

https://tarapaca247.cl/2020/10/28/sujetos-sorprendidos-grabando-a-mujeres-en-playa-cavancha-no-son-funcionarios-de-rtc-television/

TARAPACA247.CL
SUJETOS SORPRENDIDOS GRABANDO A MUJERES EN PLAYA CAVANCHA NO SON FUNCIONARIOS DE RTC TELEVISIÓN."
44;FB;906414986554606;Tarapaca247;;;2020-10-28 21:36:21;;;;;"“Ganar el Crece ElijoPyme1 de Sercotec fue una sorpresa absoluta porque es primera vez que recibo un beneficio del Estado” • Emprendedora utilizará los recursos obtenidos en el fondo concursable principalmente para pagar arriendos. Es iquiqueña, psicopedagoga y educadora diferencial de profesión, se ha dedicado por más de veinte años a la educación especialmente al trabajo con niños y niñas con capacidades diferentes. [ 833 more words ]

https://tarapaca247.cl/2020/10/28/marcela-pinto-directora-del-centro-de-tratamiento-personalizado-centra/

TARAPACA247.CL
Marcela Pinto, Directora del Centro de Tratamiento Personalizado (CENTRA)."
45;FB;906414986554606;Tarapaca247;;;2020-10-28 21:35:59;;;;;"Los días 29 y 30 de octubre y con ocho agrupaciones musicales sobre el escenario se realizará el Día de la Música Nacional, actividad que tradicionalmente se conmemora el 4 de octubre y que este año debió ser reformulada producto de la pandemia que impidió efectuar espectáculos masivos. Es así que la Seremi de las Culturas, las Artes y el Patrimonio realizará una inédita transmisión vía streaming del espectáculo en vivo que tendrá lugar en la Estación de Ferrocarriles Iquique-Pueblo Hundido. [ 223 more words ]

https://tarapaca247.cl/2020/10/28/con-ocho-bandas-y-de-forma-digital-se-realizara-el-dia-de-la-musica-nacional/

TARAPACA247.CL
CON OCHO BANDAS Y DE FORMA DIGITAL SE REALIZARÁ EL DÍA DE LA MÚSICA NACIONAL"
46;FB;906414986554606;Tarapaca247;;;2020-10-28 21:32:04;;;;;"Resaltó el Director Nacional de Aduanas, José Ignacio Palma, en seminario de la Organización Mundial de Aduanas (OMA) para las Américas y El Caribe. Durante el desarrollo del seminario internacional «Situación y Contención COVID-19, Medidas de Bioseguridad y Buenas Prácticas», organizado por la Vicepresidencia Regional de la Organización Mundial de Aduanas (OMA) para las Américas y El Caribe, diversos países expusieron las experiencias que han tenido durante estos meses de pandemia y las medidas de facilitación que han adoptado para mantener operativo el comercio exterior en la región. [ 397 more words ]

https://tarapaca247.cl/2020/10/28/debe-haber-una-fuerte-reflexion-en-torno-a-la-digitalizacion-tiene-que-ver-con-una-cultura-de-trabajo/

TARAPACA247.CL
“Debe haber una fuerte reflexión en torno a la digitalización… tiene que ver con una cultura de trabajo”"
47;FB;906414986554606;Tarapaca247;;;2020-10-28 21:30:22;;;;;"“Se rescata el conocimiento que es muy favorable para nosotras las mujeres en poder tener, a través de diferentes áreas, como la apicultura, avicultura e hidroponía, conocimiento en nuevos sistemas de trabajo y así poder sustentar a la familia y de paso abrir espacios de experiencias con los vecinos y amigos”. Con estas palabras, la señora Maricela Ticuna Collasaya, de la localidad de Pachica, comuna de Huara, se refirió a la Gira Técnica de la Mesa de la Mujer Rural que un grupo de emprendedoras realizó al interior de la Región de Tarapacá. [ 543 more words ]

https://tarapaca247.cl/2020/10/28/emprendedoras-de-la-costa-e-interior-realizan-gira-tecnica-en-el-tamarugal/

TARAPACA247.CL
EMPRENDEDORAS DE LA COSTA E INTERIOR REALIZAN GIRA TÉCNICA EN EL TAMARUGAL"
48;FB;906414986554606;Tarapaca247;;;2020-10-28 21:28:44;;;;;"“Muchos de los vehículos que acuden a realizar el trámite les corresponde en noviembre o diciembre, por lo que hacemos el llamado a estar informados y no acudir a realizar el trámite si aún no le corresponde”. Recalca el Secretario Regional de Transportes, Carlos Navarrete. Iquique, 28 de octubre 2020.- Ante la gran demanda que se ha registrado en las plantas de revisión técnica estas últimas semanas, el Seremi de Transportes de Tarapacá indicó que se ha instruido a las plantas de revisión mantener todas las medidas sanitarias para evitar contagios por Covid 19 al interior de los recintos, así como también contener la cantidad de personas, manteniendo el aforo correspondiente y también el orden al interior y exterior de las plantas. [ 674 more words ]

https://tarapaca247.cl/2020/10/28/ante-aumento-de-demanda-seremi-de-transportes-llama-respetar-nuevo-calendario-de-revision-tecnica/

TARAPACA247.CL
ANTE AUMENTO DE DEMANDA SEREMI DE TRANSPORTES LLAMA RESPETAR NUEVO CALENDARIO DE REVISIÓN TÉCNICA"
49;FB;906414986554606;Tarapaca247;;;2020-10-28 21:22:58;;;;;"[ LA TIRANA ] Incendio arrasó con dos casas durante esta madrugada de miércoles en el poblado

Pasadas la 1 de la madrugada un Incendio se registró en la provincia del Tamarugal comuna de Pozo Almonte, específicamente en el poblado la tirana dónde el fuego devoró dos viviendas completamente dejando una 3ra con daños menores.

A su vez el Superintendente de Bomberos de la comuna, Efraín Lillo, explicó que las tres viviendas afectadas eran casas deshabitadas y eran ocupadas normalmente en el mes de Julio para la fiesta del poblado, además cerca de 40 voluntarios bomberiles de Pozo Almonte junto con La Tirana trabajaron por más de tres horas en el siniestro ocurrido en la intersección Victoria con Lincoyan, Emergencia que no dejó civiles ni voluntarios lesionados u heridos.

Según el Informe del departamento de Bomberos tras peritajes, señala que el voraz incendio fue provocado por terceras personas.

???? Síguenos en www.instagram.com/tarapaca247"
50;FB;906414986554606;Tarapaca247;;;2020-10-28 21:20:48;;;;;"Gobernador Jofré expuso situación migratoria: “En los últimos años se han entregado 95 mil 463 visas en Tarapacá”

En la reunión mensual del Consejo Comunal de Seguridad Pública de la Municipalidad de Alto Hospicio, el gobernador provincial de Iquique, Álvaro Jofré Cáceres, informó que durante el periodo 2010 a 2019 se entregaron 95 mil 463 visas en Tarapacá.

Esos datos los expuso al realizar una presentación sobre la situación migratoria en la provincia, donde recalcó que los cuatro países con más visas otorgadas fueron Bolivia con un 51%; Perú con un 23%; Colombia con 9% y Venezuela con 4%, según los registros del Departamento de Extranjería y Migración de la Gobernación Provincial de…"
51;FB;906414986554606;Tarapaca247;;;2020-10-28 21:11:23;;;;;"En prisión preventiva quedó conductor de taxi formalizado por violación de niña de 14 años, ocurrido el viernes pasado en Alto Hospicio. Fiscal Camila Albarracín dio cuenta de diligencias realizadas con Brisex PDI que permitieron identificar al imputado.

???? Síguenos en www.instagram.com/tarapaca247"
52;FB;906414986554606;Tarapaca247;;;2020-10-28 21:01:44;;;;;"Los inscritos, además de participar de los días en que se realizará CompraPyme, pueden acceder esta semana a cursos de capacitación para vender por internet. Miércoles, 28 de octubre El subsecretario de Economía y Empresas de Menor Tamaño, Esteban Carrasco, recordó que hasta este viernes tienen emprendedores para inscribirse en el portal awww.comprapyme.cl y así participar de los días de venta virtual los próximos 5,6,7 y 8 de noviembre en que a través de esta plataforma invitamos a todos los consumidores del país a preferir los productos y servicios de nuestras micro, pequeñas y medianas empresas. [ 310 more words ]

https://tarapaca247.cl/2020/10/28/emprendedores-tienen-hasta-el-viernes-para-inscribirse-en-comprapyme/

TARAPACA247.CL
Emprendedores tienen hasta el viernes para inscribirse en CompraPyme"
53;FB;906414986554606;Tarapaca247;;;2020-10-28 20:54:08;;;;;"El Ministro de Bienes Nacionales, Julio Isamit, junto a la Subsecretaria de Salud Pública, Paula Daza, presentaron el protocolo y guía de recomendaciones para el uso de las playas en Chile, en el contexto Covid-19. “En Chile las playas son de todos y en Bienes Nacionales, así como nos preocupamos de garantizar el libre acceso a ellas, hoy presentamos este protocolo con medidas obligatorias y recomendaciones para que ese acceso sea seguro y que las familias puedan disfrutarlas respetando las normas sanitarias”, dijo el ministro Julio Isamit. [ 260 more words ]

https://tarapaca247.cl/2020/10/28/gobierno-presenta-protocolo-y-guia-de-recomendaciones-para-el-uso-de-las-playas-en-contexto-covid-19/

TARAPACA247.CL
GOBIERNO PRESENTA PROTOCOLO Y GUÍA DE RECOMENDACIONES PARA EL USO DE LAS PLAYAS EN CONTEXTO COVID-19"
54;FB;906414986554606;Tarapaca247;;;2020-10-28 20:52:07;;;;;"Playa brava en este momento gran cantidad de delfines en el borde costero ??

?? @kawaii_seed"
55;FB;906414986554606;Tarapaca247;;;2020-10-28 20:43:50;;;;;"El grupo de trabajo integrado por 18 actores transversales de áreas de educación, salud y alcaldes buscará orientar a las comunidades educativas para que puedan ir retornando a clases presenciales de forma segura, voluntaria y gradual este 2020 y 2021. 28 de octubre de 2020 Este año ha sido diferente para todos producto de la pandemia de coronavirus, y los estudiantes no se quedan ajenos a tener que adaptarse a una nueva realidad. [ 712 more words ]

https://tarapaca247.cl/2020/10/28/presidente-pinera-da-el-puntapie-inicial-a-consejo-asesor-para-abrir-escuelas-2020-2021/

TARAPACA247.CL
PRESIDENTE PIÑERA DA EL PUNTAPIÉ INICIAL A CONSEJO ASESOR PARA ABRIR ESCUELAS 2020 -2021"
56;FB;906414986554606;Tarapaca247;;;2020-10-28 20:38:55;;;;;"Estar en 4° medio es una etapa que marca las experiencias de vida de muchas personas, porque es precisamente en este nivel donde se viven los últimos momentos junto a compañeros de años, y se debe comenzar a tomar decisiones para una vida más adulta, pero todos estos hitos se han visto convulsionados para los 209.732 jóvenes que están en 4° medio este 2020. [ 637 more words ]

https://tarapaca247.cl/2020/10/28/mineduc-hace-llamado-para-que-los-mas-de-209-mil-alumnos-de-4-medio-retornen-a-clases-presenciales-3/

TARAPACA247.CL
MINEDUC HACE LLAMADO PARA QUE LOS MÁS DE 209 MIL ALUMNOS DE 4° MEDIO RETORNEN A CLASES PRESENCIALES"
57;FB;906414986554606;Tarapaca247;;;2020-10-28 20:38:35;;;;;"Estar en 4° medio es una etapa que marca las experiencias de vida de muchas personas, porque es precisamente en este nivel donde se viven los últimos momentos junto a compañeros de años, y se debe comenzar a tomar decisiones para una vida más adulta, pero todos estos hitos se han visto convulsionados para los 209.732 jóvenes que están en 4° medio este 2020. [ 637 more words ]

https://tarapaca247.cl/2020/10/28/mineduc-hace-llamado-para-que-los-mas-de-209-mil-alumnos-de-4-medio-retornen-a-clases-presenciales-2/

TARAPACA247.CL
MINEDUC HACE LLAMADO PARA QUE LOS MÁS DE 209 MIL ALUMNOS DE 4° MEDIO RETORNEN A CLASES PRESENCIALES"
58;FB;906414986554606;Tarapaca247;;;2020-10-28 20:31:59;;;;;"27 proyectos fueron seleccionados en el marco del concurso regional que impulsaron el Gore Tarapacá e Indespa Desde iniciativas de gestión y manejo de recursos pesqueros hasta la habilitación de centros de acopio y salas de proceso de productos pesqueros, podrán implementar los pescadores artesanales de la región de Tarapacá a través de 27 proyectos seleccionados en el marco del concurso sectorial que impulsó el Gobierno Regional de Tarapacá y el Indespa, organismo dependiente del Ministerio de Economía, Fomento y Turismo. [ 416 more words ]

https://tarapaca247.cl/2020/10/28/tarapaca-pescadores-modernizaran-flota-e-infraestructura-productiva-mediante-610-millones-que-inyectara-gobierno-a-este-sector/

TARAPACA247.CL
TARAPACÁ: PESCADORES MODERNIZARÁN FLOTA E INFRAESTRUCTURA PRODUCTIVA MEDIANTE $610 MILLONES QUE INYECTARÁ GOBIERNO A ESTE SECTOR"
59;FB;906414986554606;Tarapaca247;;;2020-10-28 20:25:51;;;;;"• Ministro, Felipe Ward, destacó las virtudes del subsidio del Ministerio de Vivienda y Urbanismo que entrega hasta 40 UF para la reparación de viviendas de hasta 950 UF con un ahorro mínimo de 1 UF. Iquique, octubre de 2020. El Ministro de Vivienda y Urbanismo, Felipe Ward, anunció recientemente el segundo llamado 2020 del subsidio Tarjeta Banco de Materiales para reparar techumbres y canaletas, que entrega 40 UF para comprar materiales en ferreterías asociadas en todas las regiones del país. [ 436 more words ]

https://tarapaca247.cl/2020/10/28/minvu-invita-a-postular-a-subsidio-tarjeta-banco-de-materiales-para-reparar-techumbres-y-canaletas/

TARAPACA247.CL
Minvu invita a postular a subsidio Tarjeta Banco de Materiales para reparar techumbres y canaletas"
60;FB;906414986554606;Tarapaca247;;;2020-10-28 20:17:55;;;;;"• Se trata del espacio recreativo más grande de la región de Tarapacá, con una extensión de más de 55 mil metros cuadrados que fue cerrado debido al Covid 19. Alto Hospicio, octubre 2020.- Después de 7 meses de permanecer cerrado debido a la pandemia del Covid 19, bajo estrictos protocolos sanitarios, abrió sus espacios recreativos el Parque Santa Rosa de Alto Hospicio. [ 360 more words ]

https://tarapaca247.cl/2020/10/28/tras-7-meses-serviu-reabre-puertas-del-parque-santa-rosa-de-alto-hospicio/

TARAPACA247.CL
Tras 7 meses, Serviu reabre puertas del Parque Santa Rosa de Alto Hospicio."
61;FB;906414986554606;Tarapaca247;;;2020-10-28 20:07:09;;;;;"Gracias a una firma de convenio de mutua colaboración entre el Servicio Nacional de Menores (Sename), y la Universidad Santo Tomás (UST) de Iquique. A raíz de las dificultades producidas en el marco de la actual pandemia, y considerando las consecuencias que esto conlleva para la salud de las personas en el ámbito biopsicosocial, es que la carrera de enfermería de la Universidad Santo Tomás de Iquique en conjunto con Sename, firmaron un convenio colaborativo, el cual permitirá que académicos y estudiantes del séptimo semestre, que se encuentren cursando la asignatura de cuidados de enfermería en niños y adolescentes en atención primaria y enfermería, desarrollen atenciones virtuales de salud dirigidas a niños y jóvenes pertenecientes a la red Sename. [ 237 more words ]

https://tarapaca247.cl/2020/10/28/ninos-ninas-y-adolescentes-de-sename-son-favorecidos-gracias-a-la-teleenfermeria/

TARAPACA247.CL
Niños, niñas y adolescentes de Sename son favorecidos gracias a la teleenfermería"
62;FB;906414986554606;Tarapaca247;;;2020-10-28 20:02:58;;;;;"Según datos de la Organización Mundial de la Alergia (WAO), más del 50% de los afectados por rinitis vivirán con ella durante unos diez años; un 22% deberá soportarla toda la vida y otro 28% tendrá que convivir con ella entre 10 y 20 años. En todos los casos, los síntomas son los mismos, con mayor o menor intensidad: picazón en la nariz, boca, ojos o garganta, congestión nasal, estornudos y ojos llorosos. [ 394 more words ]

https://tarapaca247.cl/2020/10/28/advierten-que-las-alergias-primaverales-pueden-derivar-en-otitis/

TARAPACA247.CL
Advierten que las alergias primaverales pueden derivar en otitis"
63;FB;906414986554606;Tarapaca247;;;2020-10-28 19:53:18;;;;;"“No pierdas tu bono” es el nombre de la campaña, para la cual fue dispuesta la plataforma www.bonospendientes.cl, donde las personas podrán saber si tienen bonos pendientes de cobro. El Ministerio del Trabajo y Previsión Social, a través del Instituto de Previsión Social (IPS) y la red de atención ChileAtiende, lanzaron la campaña “No pierdas tu bono”, buscando que las personas que han cumplido con todos los requisitos, cobren beneficios pendientes de pago, a través del Aporte Familiar Permanente y de los bonos Ayuda Familiar y de Emergencia. [ 230 more words ]

https://tarapaca247.cl/2020/10/28/seremis-de-desarrollo-social-y-de-trabajo-invitan-a-los-tarapaquenos-a-cobrar-beneficios-pendientes/

TARAPACA247.CL
Seremis de Desarrollo Social y de Trabajo invitan a los tarapaqueños a cobrar beneficios pendientes"
64;FB;906414986554606;Tarapaca247;;;2020-10-28 18:57:36;;;;;"[ IQUIQUE ] Ruta A16, pista de bajada, altura línea Ferrera está llegando la congestión vehicular, producto de accidente en Sotomayor/Circunvalación.

???? Síguenos en www.instagram.com/tarapaca247"
65;FB;906414986554606;Tarapaca247;;;2020-10-28 17:50:39;;;;;"[ IQUIQUE ] Ahora se le cae carga en altura semáforos Sotomayor, congestión vehicular.

???? Síguenos en www.instagram.com/tarapaca247"
66;FB;906414986554606;Tarapaca247;;;2020-10-28 17:42:30;;;;;"SE REALIZA TESTEO DE #COVID A MÁS DE 600 #MIGRANTES QUE LLEGARON A #IQUIQUE EN LOS ÚLTIMOS DÍAS.
En operativos paralelos #Salud_municipal ya tomó 120 muestras en el Colegio #UNAP; mientras, en el Liceo A7 la SEREMIA de salud estima alcanzar 500 muestras.

???? Síguenos en www.instagram.com/tarapaca247"
67;FB;906414986554606;Tarapaca247;;;2020-10-28 17:04:58;;;;;"SII rebajó 1.400 millones de pesos de impuestos a Penta por ""gasto necesario"" en abogados

Fuentes de la institución indican que el beneficio no corresponde, dado que los controladores -Carlos Délano y Carlos Lavín- actuaron con dolo.

Empresas Penta fue beneficiada con la aprobación de una rebaja de más de 1.400 millones de pesos, que gastó en asesoría legal, del monto total de sus impuestos del año tributario 2018, según publicó este martes el Centro de Investigación Periodística de Ciper Chile

Un reportaje del citado medio reveló que el 3 de agosto pasado el Servicio de Impuestos Internos (SII) aceptó una apelación de la firma para que los pagos a tres oficinas de abogados que la asesoraron…"
68;FB;906414986554606;Tarapaca247;;;2020-10-28 16:51:11;;;;;"CIERRE DE CDP DE POZO ALMONTE OBEDECE A PROCESO ADMINISTRATIVO

Conforme a las necesidades del servicio, se efectuó el cierre administrativo del Centro de Detención Preventiva de Pozo Almonte, dependiente de la dirección regional de Gendarmería, lo que significa que los internos que cumplían condena en el recinto, ya no se encuentran en dicha unidad.

“En ese orden de ideas y con las expulsiones que se cumplieron recientemente tanto hacia Bolivia como Perú, la unidad quedó prácticamente vacía, por lo cual obligó hacer el cierre administrativo del recinto y redistribuir al personal en los diferentes penales de la región”.

El coronel González Báez, apuntó que en la actualidad el CDP de Pozo…"
69;FB;906414986554606;Tarapaca247;;;2020-10-28 16:49:35;;;;;"Los diputados de Revolución Democrática, Natalia Castillo y Jorge Brito, presentaron un proyecto que busca inhabilitar a parlamentarios, ministros, subsecretarios e intendentes, que actualmente se encuentren en su cargo, para que no puedan inscribir candidaturas para ser parte de la próxima Convención Constitucional

""Queremos cerrarle la puerta a cualquier intento por parte de los mismo de siempre de perpetuarse en el poder, impidiendo el avance de un recambio y de la voluntad de la mayoría de Chile"", expresó Brito.

""Hemos presentado esta iniciativa por decencia, por democracia y por respetar la voluntad mayoritaria de nuestro país”, sentenció.

???? Síguenos en www.instagram.com/tarapaca247"
70;FB;906414986554606;Tarapaca247;;;2020-10-28 15:48:20;;;;;"[ IQUIQUE ] Congestión vehicular en calle Patricio Lynch, taco comienza en O’Higgins

?? Tomar vías alternativas.

???? Síguenos en www.instagram.com/tarapaca247"
71;FB;906414986554606;Tarapaca247;;;2020-10-28 15:36:00;;;;;"GOBIERNO IRÁ AL TRIBUNAL CONSTITUCIONAL POR PROYECTO DE SEGUNDO RETIRO DEL 10%

El Gobierno presentó una reserva de constitucionalidad al proyecto de segundo retiro del 10% de fondos previsionales, que fue aprobada en general este martes en la Comisión de Constitución de la Cámara Baja, con votos del oficialismo.

“Entendemos que este proyecto tiene un quórum de tres quintos como lo han calificado, pero nosotros consideramos que es de dos tercios. Por lo mismo vamos a hacer una reserva de constitucionalidad en esa materia”, afirmó el ministro Cristián Monckeberg tras la aprobación.

Por su parte, el subsecretario de la Segpres, Juan José Ossa, reafirmó la solicitud de reserva de…"
72;FB;906414986554606;Tarapaca247;;;2020-10-28 15:35:01;;;;;"Carabineros de la 2ª Comisaría #PozoAlmonte y Retén #Mamiña
durante patrullajes preventivos por diferentes rutas, encontraron 3 camionetas en la carretera sin ocupantes, los cuales contenían 16 mil cartones de cigarrillos de contrabando en su carga.

???? Síguenos en www.instagram.com/tarapaca247"
73;FB;906414986554606;Tarapaca247;;;2020-10-28 15:25:25;;;;;"En horas de la madrugada Carabineros de la 3ª Comisaría #AltoHospicio detuvieron a un hombre de 24 años que robó especies desde el Centro Comunitario de Salud Familiar El Boro avaluadas en 600 mil pesos.

???? Síguenos en www.instagram.com/tarapaca247"
74;FB;906414986554606;Tarapaca247;;;2020-10-28 15:21:31;;;;;Nuevamente 'Eddie', can detector de drogas del OS 7 #Iquique, sorprendió al pasajero de un vehículo que transitaba por la ruta internacional 15 CH portando en su equipaje 4 kilos 165 gramos de Pasta Base de Cocaína, procediendo a su detención por el delito de Trafico de Drogas.
75;FB;906414986554606;Tarapaca247;;;2020-10-28 15:21:01;;;;;Carabineros de la 4ª Comisaría #Cavancha, a través de su Sección de Investigación Policial, detuvo a 1 individuo que sustrajo especies desde un local ubicado en avda. Arturo Prat, recuperando laa especies sustraídas.
76;FB;3764616370262062;IMIIQQ;;;2020-10-27 23:03:52;;;;;"CONCEJO MUNICIPAL APRUEBA PROPUESTA DE ALCALDE SORIA PARA ENTREGAR SUBVENCIÓN AL CUERPO DE BOMBEROS DE IQUIQUE

Luego de una reunión que mantuvo la semana pasada el Superintendente del CUERPO DE BOMBEROS DE IQUIQUE, Marcelo Zuñiga, con el alcalde de #Iquique, Mauricio Soria Macchiavello, en la que se le mostró al jefe comunal el proyecto de construcción de la Compañía N°11 y solicitó una subvención para enfrentar los gastos de Octubre, Noviembre y Diciembre de la institución bomberil...

Por esta razón es que Soria Macchiavello llevó la propuesta de entregar una subvención de $80 millones al Cuerpo de Bomberos de Iquique hasta el Concejo Municipal, ente colegiado que dio el vamos a la entrega…"
77;FB;3764616370262062;IMIIQQ;;;2020-10-28 22:00:01;;;;;"MES DEL ADULTO MAYOR

CESFAM SUR NOS MUESTRA LOS MODOS DE ATENCIÓN PENSADOS EN LA TERCERA EDAD

A través de esta cápsula, un profesional del Cesfam SUR de Iquique nos explica cuáles son las prestaciones especiales que entrega ese recinto de la Atención Primaria de Salud de #Iquique a l@s ancian@s que requieren de sus servicios…

¡¡PRESTE MUCHA ATENCIÓN y UTILICE ESTOS SERVICIOS en tiempos de pandemia!!

En OCTUBRE, no bajemos los brazos y sigamos unid@s para lograr la REACTIVACIÓN… #IquiqueSeCuida #IquiqueAvanza"
78;FB;3764616370262062;IMIIQQ;;;2020-10-28 21:00:02;;;;;"COMERCIANTES DEL SECTOR CENTRO DE IQUIQUE SE PREPARAN PARA HALLOWEEN 2020

En un contexto muy diferente, a raíz de la pandemia por el #Coronavirus, los comerciantes de #Iquique se preparan para la demanda por la cercanía de la Fiesta de Halloween de este año…

Los detalles en el informe de RTC Televisión…

En OCTUBRE, no bajemos los brazos y sigamos unid@s para lograr la REACTIVACIÓN… #IquiqueSeCuida #IquiqueAvanza"
79;FB;3764616370262062;IMIIQQ;;;2020-10-28 20:00:03;;;;;"SALVAVIDAS IMI RENUEVAN LÍNEA DE SEGURIDAD EN PLAYA CAVANCHA

En este informe de #NoticiasParaTodos les mostramos la labor desarrollada por los SALVAVIDAS de la Municipalidad de Iquique quienes realizaron una mantención a la línea de seguridad demarcada con corchos en Playa Cavancha y repusieron cerca de 600 metros de ella para la tranquilidad de bañistas y deportistas…

En OCTUBRE, no bajemos los brazos y sigamos unid@s para lograr la REACTIVACIÓN… #IquiqueSeCuida #IquiqueAvanza"
80;FB;3764616370262062;IMIIQQ;;;2020-10-28 19:00:01;;;;;"IMI AMPLÍA SU HORARIO DE ATENCIÓN PRESENCIAL

Guardando todas las medidas sanitarias y con aforos máximos por unidad, el Edificio Consistorial de la Municipalidad de Iquique EXTIENDE su HORARIO DE ATENCIÓN PRESENCIAL, de LUNES A VIERNES desde las 8:30 DE LA MAÑANA a las 13:30 HORAS…

Si tu trámite requiere de atención personal puedes acudir respetando todos los protocolos para evitar contagios…

La lucha contra el #Covid19 no ha terminado por lo que seguir avanzando y no retroceder a la Fase de Cuarentena está en ti: EN MANTENER Y AUMENTAR TU RESPONSABILIDAD AHORA QUE ESTAMOS MÁS EXPUEST@S...

En OCTUBRE, no bajemos los brazos y sigamos unid@s para lograr la REACTIVACIÓN… #IquiqueSeCuida #IquiqueAvanza"
81;FB;3764616370262062;IMIIQQ;;;2020-10-28 18:00:01;;;;;"MES DEL ADULTO MAYOR

CESFAM SUR ENTREGA CONSEJOS PARA UNA CORRECTA HIGIENE BUCAL EN ADULT@S MAYORES

A través de la siguiente cápsula audiovisual la odontóloga del Cesfam SUR de Iquique, Karen Wanner, entrega recomendaciones dirigidas a l@s adultos mayores de #Iquique para que sepan cómo mantener una adecuada higiene bucal, de acuerdo a sus necesidades específicas…

En OCTUBRE, no bajemos los brazos y sigamos unid@s para lograr la REACTIVACIÓN… #IquiqueSeCuida #IquiqueAvanza"
82;FB;3764616370262062;IMIIQQ;;;2020-10-28 17:00:00;;;;;"IMI DETECTA MÁS DE 30 SITIOS QUE SON USADOS COMO BOTADEROS EN LA CIUDAD

A través del testimonio de vecinos a RTC Televisión, les mostramos el impacto que tienen en la calidad de vida de los barrios los sitios eriazos que se forman en diversos puntos de la capital regional, los que son usados como botaderos de escombros y basura…

IMI ya ha detectado más de 30 de estos focos en toda la ciudad…

En OCTUBRE, no bajemos los brazos y sigamos unid@s para lograr la REACTIVACIÓN… #IquiqueSeCuida #IquiqueAvanza"
83;FB;3764616370262062;IMIIQQ;;;2020-10-28 16:00:01;;;;;"SALUD MUNICIPAL DE #Iquique EN CAMPAÑA DE VACUNACIÓN CONTRA EL SARAMPIÓN

Cada 5 años, la Atención Primaria de Salud centra parte de sus esfuerzos en mantener inmunizad@s a l@s niñ@s del SARAMPIÓN, esto en el marco de la campaña nacional de reforzamiento para evitar un rebrote de esta enfermedad…

Pero, ¿POR QUÉ ES IMPORTANTE ESTA VACUNACIÓN? Sépalo aquí...

En OCTUBRE, no bajemos los brazos y sigamos unid@s para lograr la REACTIVACIÓN… #IquiqueSeCuida #IquiqueAvanza"
84;FB;3764616370262062;IMIIQQ;;;2020-10-28 15:00:01;;;;;"IMI REALIZÓ 2DA AUDIENCIA PÚBLICA SOBRE ACTUALIZACIÓN DEL PLAN REGULADOR COMUNAL

Buscando que la comunidad tenga una permanente participación en la planificación del crecimiento urbano de la capital regional, es que la Ilustre Municipalidad de Iquique culminó las audiencias públicas que forman parte del proceso de actualización del Plan Regulador Comunal…

En esta etapa, denominada “Imagen Objetivo” se plantearon las propuestas generadas por las y los profesionales a cargo de esta labor…

La nota es de RTC Televisión…

En OCTUBRE, no bajemos los brazos y sigamos unid@s para lograr la REACTIVACIÓN… #IquiqueSeCuida #IquiqueAvanza"
85;FB;3764616370262062;IMIIQQ;;;2020-10-28 14:27:45;;;;;"DESDE SECTOR “CASA ESTACIÓN” EN MALL ZOFRI

AHORA | HOY FINALIZA LA CAMPAÑA “IQUIQUE AYUDA A PARAGUAY”, LA QUE PRETENDE RECOPILAR ROPA DE VERANO PARA EL PAÍS GUARANÍ

Luego de los devastadores incendios que han azotado a #Paraguay, la Municipalidad de #Iquique en colaboración con la embajada del país guaraní han iniciado la campaña “Iquique ayuda a Paraguay”, con la finalidad de recopilar ROPA Y CALZADO DE VERANO EN BUEN ESTADO.

El punto de acopio de MALL ZOFRI, ubicado en el sector “Casa Estación” a un costado del Edificio de Convenciones, estará disponible hasta las 16:00 horas de HOY MIÉRCOLES 28 DE OCTUBRE.

En OCTUBRE, no bajemos los brazos y sigamos unid@s para lograr la REACTIVACIÓN… #IquiqueSeCuida #IquiqueAvanza"
86;FB;3764616370262062;IMIIQQ;;;2020-10-28 14:00:02;;;;;"IQUIQUE AVANZA

MALL ZOFRI TOMA MEDIDAS PARA HACER MÁS SEGURA LA VISITA DE SUS CLIENTES

A través del siguiente informe de #NoticiasParaTodos le contamos del resguardo de las medidas sanitarias contra el #Coronavirus que está tomando Mall Zofri para ofrecer a sus clientes una experiencia más segura durante su visita al centro comercial…

En OCTUBRE, no bajemos los brazos y sigamos unid@s para lograr la REACTIVACIÓN… #IquiqueSeCuida #IquiqueAvanza"
87;FB;3764616370262062;IMIIQQ;;;2020-10-28 13:00:04;;;;;"CAMPEONA MUNDIAL DE SANDBOARD VUELVE A ENTRENAR EN CERRO DRAGÓN TRAS INGRESO DE IQUIQUE A FASE 2

En esta nota de RTC Televisión le mostramos cómo ha podido retornar a los entrenamientos en el Cerro Dragón nuestra campeona mundial de sandboard, DAMARIS GÓMEZ, esto, tras el ingreso de #Iquique a la Fase de Transición del Plan Paso a Paso…

En OCTUBRE, no bajemos los brazos y sigamos unid@s para lograr la REACTIVACIÓN… #IquiqueSeCuida #IquiqueAvanza"
88;FB;3764616370262062;IMIIQQ;;;2020-10-28 12:27:55;;;;;"EN VIVO POR TODAS NUESTRAS PLATAFORMAS:
COMIENZA LA JORNADA CON TODA LA ENERGÍA DE “EL DESPERTAR DE CAMPEONES”
DESDE ESTE MOMENTO, y hasta las 10 DE LA MAÑANA, Radio Municipal 93.3 Fm, RTC Televisión y las Redes Sociales de la Ilustre Municipalidad de Iquique nos unimos para darte una inyección de buena onda para que empieces tu jornada con el mejor ánimo y alegría…
Te informamos sobre lo que está pasando y lo que se viene para el día en #Iquique; te entregamos los datos más útiles y te apoyamos en tu emprendimiento para salir junt@s adelante. Todo esto, con la mejor música para partir el día llen@s de optimismo…
Esto es “EL DESPERTAR DE CAMPEONES”…
En OCTUBRE, no bajemos los brazos y sigamos unid@s para lograr la REACTIVACIÓN… #IquiqueSeCuida #IquiqueAvanza"
89;FB;2422973121331056;IMIIQQ;;;2020-10-28 10:17:44;;;;;"EN VIVO POR TODAS NUESTRAS PLATAFORMAS:
COMIENZA LA JORNADA CON TODA LA ENERGÍA DE “EL DESPERTAR DE CAMPEONES”
DESDE ESTE MOMENTO, y hasta las 10 DE LA MAÑANA, Radio Municipal 93.3 Fm, RTC Televisión y las Redes Sociales de la Ilustre Municipalidad de Iquique nos unimos para darte una inyección de buena onda para que empieces tu jornada con el mejor ánimo y alegría…
Te informamos sobre lo que está pasando y lo que se viene para el día en #Iquique; te entregamos los datos más útiles y te apoyamos en tu emprendimiento para salir junt@s adelante. Todo esto, con la mejor música para partir el día llen@s de optimismo…
Esto es “EL DESPERTAR DE CAMPEONES”…
En OCTUBRE, no bajemos los brazos y sigamos unid@s para lograr la REACTIVACIÓN… #IquiqueSeCuida #IquiqueAvanza"
90;FB;2422973121331056;IMIIQQ;;;2020-10-28 09:00:01;;;;;"#Avísale!! ????

CONOCE AQUÍ EL HORARIO DE TUS TELECLASES POR RTC TELEVISIÓN

Aquí te informamos del horario y la materia que impartimos en nuestras #Teleclases, a través de las señales de RTC Televisión: Abierta, Cable y Facebook...

Esta es la programación correspondiente a HOY MIÉRCOLES 28 DE OCTUBRE...

SI TE CUIDAS del #Covid19 CUIDAS A L@S DEMÁS...

En OCTUBRE, no bajemos los brazos y sigamos unid@s para lograr la REACTIVACIÓN… #IquiqueSeCuida #IquiqueAvanza

#Iquique"
91;FB;2422973121331056;IMIIQQ;;;2020-10-28 03:00:02;;;;;"ALCALDE SORIA SALUDA A FUNCIONARI@S DE LA MUNICIPALIDAD DE IQUIQUE EN SU DÍA NACIONAL

Al conmemorarse HOY 28 DE OCTUBRE, el DÍA NACIONAL DE LAS Y LOS FUNCIONARIOS MUNICIPALES de #Chile, el alcalde de #Iquique, Mauricio Soria Macchiavello, extiende un cordial saludo a tod@s quienes conformamos la familia de la MUNICIPALIDAD DE IQUIQUE...

En OCTUBRE, no bajemos los brazos y sigamos unid@s para lograr la REACTIVACIÓN… #IquiqueSeCuida #IquiqueAvanza"
92;FB;2422973121331056;IMIIQQ;;;2020-10-28 00:45:00;;;;;"JUZGADO DE GARANTÍA DECLARA ADMISIBLE QUERELLA DE IMI POR DAÑOS Y CONTAMINACIÓN EN SANTUARIO NATURAL DE CERRO DRAGÓN

Con esta acción, el Municipio busca que se realicen una serie de diligencias a fin de recopilar toda la información que permita establecer la gravedad de los daños y la contaminación y hallar a quienes cometieron estos graves hechos. Entre las gestiones solicitadas están que se llame a declarar a los testigos; se oficie a la Brigada Investigadora de Delitos contra el Medioambiente y Patrimonio Cultural, BIDEMA, de la Policía de Investigaciones; la utilización de imágenes de cámaras de seguridad que puedan ayudar a esclarecer lo ocurrido y que se oficie al Consejo de Monumentos Nacionales, como entidad técnica, para que informe sobre la existencia de daños en la integridad de la que es considerada la duna urbana más grande del mundo...

La nota es de RTC Televisión...

En OCTUBRE, no bajemos los brazos y sigamos unid@s para lograr la REACTIVACIÓN… #IquiqueSeCuida #IquiqueAvanza"
93;FB;2422973121331056;IMIIQQ;;;2020-10-27 23:45:00;;;;;"?? IQUIQUE SE CUIDA ??

?? CONOZCA LA FARMACIA DE TURNO PARA HOY EN #Iquique

Aquí dejamos el dato de la FARMACIA DE TURNO para el día de hoy MARTES 27 DE OCTUBRE 2020, vigente desde las 21 HORAS HASTA LAS 8:59 HORAS DEL MIÉRCOLES 28 DE OCTUBRE.

En OCTUBRE, no bajemos los brazos y sigamos unid@s para lograr la REACTIVACIÓN… #IquiqueSeCuida #IquiqueAvanza"
94;FB;2422973121331056;IMIIQQ;;;2020-10-27 20:35:00;;;;;"IQUIQUE AVANZA

PERSONAL DE IMI REPARA DAÑOS Y DELIMITA CICLOVÍA TEMPORAL EN CALLE JUAN MARTÍNEZ

Durante esta jornada, personal de la Ilustre Municipalidad de Iquique realizó reparaciones en la nueva CICLOVÍA TEMPORAL de calle Arturo Fernández y, paralelamente, avanzó en la delimitación de la correspondiente a calle JUAN MARTÍNEZ…

Llamamos al cuidado y uso responsable de estas ciclovías pues, si bien están pensadas para ser temporales, son de gran utilidad para l@s ciclistas y para promover una mejor convivencia vial con conductores y peatones…

En OCTUBRE, no bajemos los brazos y sigamos unid@s para lograr la REACTIVACIÓN… #IquiqueSeCuida #IquiqueAvanza"
95;FB;2422973121331056;IMIIQQ;;;2020-10-27 18:00:01;;;;;"HASTA EL 29 DE OCTUBRE

?? MUNICIPALIDAD DE IQUIQUE Y FUNDACIÓN TEATRO A MIL TE INVITAN A DISFRUTAR DE LA RENOVADA CARTELERA DE “TEATRORAMA” ??

Gracias a la alianza establecida entre la Fundación Teatro a Mil y la Ilustre Municipalidad de Iquique, nuestra comunidad podrá disfrutar de lo mejor de las artes escénicas, vía streaming en www.teatroamil.tv…

Conozca AQUÍ las nuevas obras que están disponibles en el marco de “TEATRORAMA”, cartelera ONLINE Y GRATUITA que reúne distintos estrenos y panoramas culturales para estos días de TRANSICIÓN...

?? ¡¡NO TE LAS PIERDAS!! ??

En OCTUBRE, no bajemos los brazos y sigamos unid@s para lograr la REACTIVACIÓN… #IquiqueSeCuida #IquiqueAvanza"
96;FB;2422973121331056;IMIIQQ;;;2020-10-27 17:00:03;;;;;"PORQUE ERES LA PRIMERA LÍNEA EN TU HOGAR, TOMA LAS MEDIDAS NECESARIAS PARA MANTENER LEJOS AL COVID-19

A pesar de la baja considerable de casos de #Coronavirus en #Iquique y #Tarapacá, y que estamos en FASE DE TRANSICIÓN, es ahora cuando más alerta debemos estar en nuestra lucha contra el #Covid19…

En OCTUBRE, no bajemos los brazos y sigamos unid@s para lograr la REACTIVACIÓN… #IquiqueSeCuida #IquiqueAvanza"
97;FB;2422973121331056;IMIIQQ;;;2020-10-27 16:00:02;;;;;"IQUIQUE AVANZA

RESTAURANT “LA PICADA DEL RAMESH”: SEPA CÓMO HA LOGRADO SOBREVIVIR DURANTE LA PANDEMIA

En este informe de #NoticiasParaTodos conversamos con el propietario y chef de este local gastronómico del centro de #Iquique, quien nos cuenta cómo ha debido reconvertir su servicio para seguir funcionando, durante la pandemia por #Covid19…

Además, realiza un llamado a la comunidad a no dejar de cuidarse para así avanzar a la Fase 3, lo que permitiría la reapertura de estos locales…

En OCTUBRE, no bajemos los brazos y sigamos unid@s para lograr la REACTIVACIÓN… #IquiqueSeCuida #IquiqueAvanza"
98;FB;2422973121331056;IMIIQQ;;;2020-10-27 15:00:02;;;;;"MES DEL ADULTO MAYOR

MAX COLLAO CONVERSA CON EL GRAN ATLETA SENIOR ARIEL STANDEN LEVIS

Octubre es el MES DEL ADULTO MAYOR y en #Iquique contamos con un orgullo deportivo de 90 años de edad y en plena vigencia: ARIEL STANDEN LEVIS…

Nuestro compañero Max Collao se internó en la intimidad de su hogar para saber cómo ha vivido estos meses de pandemia y cómo se ha convertido en un ejemplo para las nuevas generaciones…

En OCTUBRE, no bajemos los brazos y sigamos unid@s para lograr la REACTIVACIÓN… #IquiqueSeCuida #IquiqueAvanza"
99;FB;1762008290606040;IMIIQQ;;;2020-10-27 14:13:55;;;;;"EN VIVO VÍA STREAMING:

CONCEJO MUNICIPAL DE IQUIQUE SESIONA A DISTANCIA EN MEDIO DE PANDEMIA POR CORONAVIRUS

A ESTA HORA el alcalde Mauricio Soria Macchiavello encabeza la Sesión Extraordinaria a distancia correspondiente a la Citación N°65/2020 del Concejo Municipal de #Iquique, donde se abordan diversos temas de interés para la comunidad, en el contexto de la emergencia por el #Covid19…

En OCTUBRE, no bajemos los brazos y sigamos unid@s para lograr la REACTIVACIÓN… #IquiqueSeCuida #IquiqueAvanza"
100;FB;1762008290606040;IMIIQQ;;;2020-10-27 14:00:01;;;;;"HASTA EL MIÉRCOLES 28 DE OCTUBRE

SÉ SOLIDARI@ Y ÚNETE A LA CAMPAÑA “IQUIQUE AYUDA A PARAGUAY”

A raíz de los violentos incendios forestales que, en estos momentos, afectan a gran parte del territorio del #Paraguay, es que la Ilustre Municipalidad de Iquique no ha querido estar ajena a la tragedia que vive el hermano país y te invita a colaborar con la campaña #IquiqueAyudaAParaguay…

Aquí puedes saber cómo y dónde entregar los aportes que tanto necesita el pueblo paraguayo…

¡¡FUERZA PARAGUAY!!

En OCTUBRE, no bajemos los brazos y sigamos unid@s para lograr la REACTIVACIÓN… #IquiqueSeCuida #IquiqueAvanza"
101;FB;1762008290606040;IMIIQQ;;;2020-10-27 13:00:02;;;;;"PLEBISCITO CONSTITUCIONAL 2020

TRAS LOS RESULTADOS, AHORA DEBEREMOS ELEGIR A L@S INTEGRANTES DE LA CONVENCIÓN CONSTITUCIONAL

A través de esta nota de RTC Televisión usted podrá saber cuál es el siguiente paso en el proceso que llevará a #Chile a tener una nueva Constitución Política del Estado…

Sepa aquí el detalle de cómo se conformará la CONVENCIÓN CONSTITUCIONAL que redactará la nueva Carta Magna…

En OCTUBRE, no bajemos los brazos y sigamos unid@s para lograr la REACTIVACIÓN… #IquiqueSeCuida #IquiqueAvanza"
102;FB;1762008290606040;IMIIQQ;;;2020-10-27 10:43:00;;;;;"EN VIVO POR TODAS NUESTRAS PLATAFORMAS:
COMIENZA LA JORNADA CON TODA LA ENERGÍA DE “EL DESPERTAR DE CAMPEONES”
DESDE ESTE MOMENTO, y hasta las 10 DE LA MAÑANA, Radio Municipal 93.3 Fm, RTC Televisión y las Redes Sociales de la Ilustre Municipalidad de Iquique nos unimos para darte una inyección de buena onda para que empieces tu jornada con el mejor ánimo y alegría…
Te informamos sobre lo que está pasando y lo que se viene para el día en #Iquique; te entregamos los datos más útiles y te apoyamos en tu emprendimiento para salir junt@s adelante. Todo esto, con la mejor música para partir el día llen@s de optimismo…
Esto es “EL DESPERTAR DE CAMPEONES”…
En OCTUBRE, no bajemos los brazos y sigamos unid@s para lograr la REACTIVACIÓN… #IquiqueSeCuida #IquiqueAvanza"
103;FB;1762008290606040;IMIIQQ;;;2020-10-27 09:00:01;;;;;"#Avísale!! ????

CONOCE AQUÍ EL HORARIO DE TUS TELECLASES POR RTC TELEVISIÓN

Aquí te informamos del horario y la materia que impartimos en nuestras #Teleclases, a través de las señales de RTC Televisión: Abierta, Cable y Facebook...

Esta es la programación correspondiente a HOY MARTES 27 DE OCTUBRE...

SI TE CUIDAS del #Covid19 CUIDAS A L@S DEMÁS...

En OCTUBRE, no bajemos los brazos y sigamos unid@s para lograr la REACTIVACIÓN… #IquiqueSeCuida #IquiqueAvanza

#Iquique"
104;FB;1762008290606040;IMIIQQ;;;2020-10-27 00:45:00;;;;;"PLEBISCITO CONSTITUCIONAL 2020

AL ACUDIR A VOTAR, ALCALDE SORIA DESTACÓ HITO HISTÓRICO DEL PROCESO

Como un día que quedará marcado en la Historia de Chile calificó el alcalde de #Iquique, Mauricio Soria Macchiavello, al 25 DE OCTUBRE al momento de acudir a la Casa del Deportista a votar en el PLEBISCITO CONSTITUCIONAL 2020…

Además, destacó que a este avance en la democracia del país se sumará la próxima elección popular de Gobernadores Regionales…

La nota es de RTC Televisión…

En OCTUBRE, no bajemos los brazos y sigamos unid@s para lograr la REACTIVACIÓN… #IquiqueSeCuida #IquiqueAvanza"
105;FB;1762008290606040;IMIIQQ;;;2020-10-27 00:00:02;;;;;"?? IQUIQUE SE CUIDA ??

?? CONOZCA LA FARMACIA DE TURNO PARA HOY EN #Iquique

Aquí dejamos el dato de la FARMACIA DE TURNO para el día de hoy LUNES 26 DE OCTUBRE 2020, vigente desde las 21 HORAS HASTA LAS 8:59 HORAS DEL MARTES 27 DE OCTUBRE.

En OCTUBRE, no bajemos los brazos y sigamos unid@s para lograr la REACTIVACIÓN… #IquiqueSeCuida #IquiqueAvanza"
106;FB;1064282910652579;IMIIQQ;;;2020-10-26 20:57:02;;;;;"EN VIVO VÍA STREAMING:

CONCEJO MUNICIPAL DE IQUIQUE SESIONA EN LÍNEA PARA CONOCER AVANCES DE LA ACTUALIZACIÓN DEL PLAN REGULADOR COMUNAL

EN ESTOS MOMENTOS, el alcalde Mauricio Soria Macchiavello encabeza la Sesión Extraordinaria a distancia correspondiente a la Citación N°64/2020 del Concejo Municipal de #Iquique, en la que se exponen los avances de la “Imagen Objetivo” del proceso de Actualización del Plan Regulador Comunal…

En OCTUBRE, no bajemos los brazos y sigamos unid@s para lograr la REACTIVACIÓN… #IquiqueSeCuida #IquiqueAvanza"
107;FB;1064282910652579;IMIIQQ;;;2020-10-26 19:51:05;;;;;"MUNICIPALIDAD DE IQUIQUE LLAMA A EMPRESAS O SOCIEDADES DE INVERSIÓN A REGULARIZAR SUS PATENTES COMERCIALES

Una invitación a que regularicen la obtención de su patente comercial, de acuerdo a lo dispuesto en el Art. 23 inciso 3° del Decreto Ley N°3.063 Ley de Rentas Municipales es la que realiza la Ilustre Municipalidad de Iquique...

“Esperamos que estas empresas y sociedades de inversión se acerquen hasta la Municipalidad o realicen el trámite vía correo electrónico, ya que es algo que beneficiará a todos: A ellas por regularizar su situación y a los iquiqueños e iquiqueñas quienes verán una reactivación económica del Municipio, lo que se traducirá en acciones concretas que beneficien a la comunidad en general”, indicó al respecto el alcalde Mauricio Soria Macchiavello...

En OCTUBRE, no bajemos los brazos y sigamos unid@s para lograr la REACTIVACIÓN… #IquiqueSeCuida #IquiqueAvanza"
108;FB;1064282910652579;IMIIQQ;;;2020-10-26 13:38:14;;;;;"IMI INVITA A LA EXPOSICIÓN Y CONSULTA PÚBLICA EN LÍNEA DE LA ""IMAGEN OBJETIVO"" DEL NUEVO PLAN REGULADOR COMUNAL PARA IQUIQUE

Debido a la actual pandemia por #Covid19 que afecta a Chile, y por ende a nuestra ciudad, la Ilustre Municipalidad de Iquique ha generado una instancia EN LÍNEA de participación ciudadana para avanzar en el proceso de elaboración del NUEVO PLAN REGULADOR COMUNAL PARA IQUIQUE…

Inscríbase en el formulario respectivo, AL QUE PUEDE ACCEDER A TRAVÉS DEL CÓDIGO QR DE ESTA PUBLICACIÓN, y acceda a la exposición de la “IMAGEN OBJETIVO” del NUEVO PRC…

Participe y sea parte del #Iquique que tod@s soñamos…

Más información en www.municipioiquique.cl

En OCTUBRE, no bajemos los brazos y sigamos unid@s para lograr la REACTIVACIÓN… #IquiqueSeCuida #IquiqueAvanza"
109;FB;1064282910652579;IMIIQQ;;;2020-10-26 13:00:01;;;;;"IMI AMPLÍA SU HORARIO DE ATENCIÓN PRESENCIAL

Guardando todas las medidas sanitarias y con aforos máximos por unidad, el Edificio Consistorial de la Ilustre Municipalidad de Iquique EXTIENDE su HORARIO DE ATENCIÓN PRESENCIAL, de LUNES A VIERNES desde las 8:30 DE LA MAÑANA a las 13:30 HORAS…

Si tu trámite requiere de atención personal puedes acudir respetando todos los protocolos para evitar contagios…

La lucha contra el #Covid19 no ha terminado por lo que seguir avanzando y no retroceder a la Fase de Cuarentena está en ti: EN MANTENER Y AUMENTAR TU RESPONSABILIDAD AHORA QUE ESTAREMOS MÁS EXPUEST@S...

En OCTUBRE, no bajemos los brazos y sigamos unid@s para lograr la REACTIVACIÓN… #IquiqueSeCuida #IquiqueAvanza"
110;FB;1064282910652579;IMIIQQ;;;2020-10-26 10:23:32;;;;;"EN VIVO POR TODAS NUESTRAS PLATAFORMAS:
COMIENZA LA JORNADA CON TODA LA ENERGÍA DE “EL DESPERTAR DE CAMPEONES”
DESDE ESTE MOMENTO, y hasta las 10 DE LA MAÑANA, Radio Municipal 93.3 Fm, RTC Televisión y las Redes Sociales de la Ilustre Municipalidad de Iquique nos unimos para darte una inyección de buena onda para que empieces tu jornada con el mejor ánimo y alegría…
Te informamos sobre lo que está pasando y lo que se viene para el día en #Iquique; te entregamos los datos más útiles y te apoyamos en tu emprendimiento para salir junt@s adelante. Todo esto, con la mejor música para partir el día llen@s de optimismo…
Esto es “EL DESPERTAR DE CAMPEONES”…
En OCTUBRE, no bajemos los brazos y sigamos unid@s para lograr la REACTIVACIÓN… #IquiqueSeCuida #IquiqueAvanza"
111;FB;1064282910652579;IMIIQQ;;;2020-10-26 09:00:01;;;;;"#Avísale!! ????

CONOCE AQUÍ EL HORARIO DE TUS TELECLASES POR RTC TELEVISIÓN

Aquí te informamos del horario y la materia que impartimos en nuestras #Teleclases, a través de las señales de RTC Televisión: Abierta, Cable y Facebook...

Esta es la programación correspondiente a HOY LUNES 26 DE OCTUBRE...

SI TE CUIDAS del #Covid19 CUIDAS A L@S DEMÁS...

En OCTUBRE, no bajemos los brazos y sigamos unid@s para lograr la REACTIVACIÓN… #IquiqueSeCuida #IquiqueAvanza

#Iquique"
112;FB;1064282910652579;IMIIQQ;;;2020-10-26 01:14:23;;;;;"EN ESTOS MOMENTOS, ALCALDE SORIA ENTREGA BALANCE DEL PLEBISCITO CONSTITUCIONAL 2020 EN IQUIQUE

Esta es la transmisión especial de las Redes Sociales de la Ilustre Municipalidad de Iquique, RTC Televisión y Radio Municipal 93.3 Fm...

ESPECIAL PLEBISCITO CONSTITUCIONAL 2020...

#IquiqueParticipa

Radio Municipal 93.3 Fm was live.
October 26 at 1:09 AM ·

ALCALDE SORIA REALIZA BALANCE DE LA JORNADA DE PLEBISCITO CONSTITUCIONAL 2020

A ESTA HORA, el jefe comunal iquiqueño se dirige a la comunidad para realizar un balance de lo que ha sido este 25 DE OCTUBRE en el marco del PLEBISCITO CONSTITUCIONAL 2020 y entregar su visión sobre lo que viene para #Chile, #Tarapacá e #Iquique tras este día…

Esto es ESPECIAL PLEBISCITO CONSTITUCIONAL 2020…

#IquiqueParticipa"
113;FB;1064282910652579;IMIIQQ;;;2020-10-26 00:40:31;;;;;"EN VIVO DESDE PLAZA PRAT:

ADHERENTES DEL APRUEBO Y CONVENCIÓN CONSTITUCIONAL SE REÚNEN EN CASCO HISTÓRICO DE IQUIQUE

A ESTA HORA se dan cita, en el principal espacio público de la capital de #Tarapacá, los adherentes a la opción APRUEBO y CONVENCIÓN CONSTITUCIONAL para celebrar el amplio margen de ventaja que ostentan…

Lo que está pasando en nuestra ciudad, con los resultados que se conocen hasta ahora del PLEBISCITO CONSTITUCIONAL 2020 y sus repercusiones, véalo EN VIVO…

#IquiqueParticipa"
